name,url,positioning,content_strengths,monetization,what_to_outperform
Wall Street Oasis,https://www.wallstreetoasis.com/resources/interviews/investment-banking-interview-questions-answers,Community-driven finance career resource; forum + guides hybrid,Enormous historical content library; strong brand recognition among US students; user-generated Q&A adds freshness,Premium courses (WSO Academy); job board; company database subscriptions,"Offer cleaner UX and faster navigation; provide structured drilling (not just reading); build GEO-optimized answer-first content; target international markets (India/UK/HK/SG) more directly"
Mergers & Inquisitions,https://mergersandinquisitions.com/investment-banking-interview-questions-and-answers/,Premium editorial resource; perceived as authoritative by US students,Long-form guides with depth; strong brand trust; covers US/UK/global; has superday and HireVue specific content,Courses (BIWS Financial Modeling); coaching; affiliate revenue,"Compete on freshness (2026 updates); cleaner mobile experience; interactive practice (not just reading); AI-powered feedback loop; target underserved markets"
M&I Superday Guide,https://mergersandinquisitions.com/superday/,Part of M&I ecosystem; strong SEO for superday keywords,Detailed superday walkthrough with process specifics,Part of M&I monetization above,Provide a structured 7-day plan format vs. long narrative; add regional variants; integrate with live practice tool
M&I HireVue Guide,https://mergersandinquisitions.com/hirevue-interview/,Part of M&I ecosystem; HireVue-specific SEO,Covers HireVue setup and common questions,Part of M&I monetization above,Add platform-specific setup guide; include practice script CTA with actual template download
Wall Street Prep Red Book,https://www.wallstreetprep.com/self-study-programs/the-red-book/,Premium course product; Red Book is a well-known brand,Deep technical content; strong brand in financial modeling training,Premium course ($299+); corporate training,Content is paywalled — we publish free guides with clear upgrade path; focus on interview prep vs. modeling training
Wall Street Prep Superday,https://www.wallstreetprep.com/knowledge/superday/,Knowledge base entry; part of WSP ecosystem,Part of a broader course ecosystem; good keyword coverage,Premium course upsell,More actionable checklist and day-by-day plan format; free without registration
Corporate Finance Institute,https://corporatefinanceinstitute.com/resources/career/real-investment-banking-interview-questions-form/,Professional certification and training platform; wide content library,Broad finance educational content; strong SEO across finance topics,CFI certification subscriptions; course sales; affiliate,More interview-specific (vs. general finance education); better GEO content; faster UX
Street of Walls,https://www.streetofwalls.com/finance-training-courses/investment-banking-overview-and-behavioral-training/investment-banking-interview-questions/,Free resource; modeled after training course format,Comprehensive question lists; covers behavioral and technical; free,Unclear current monetization; possible consulting leads,"Cleaner UX; better mobile experience; more recent content (some SOW pages appear dated); add AI-powered practice"
Financial Edge,https://www.fe.training/free-resources/investment-banking/45-ultimate-investment-banking-interview-questions-2025-edition/,Professional finance training provider; UK-focused,UK market coverage; CFA/finance training context,Corporate training; professional development courses,Cover non-UK markets equally well; better US/India/Asia content; more actionable (frameworks vs. question lists)
IGotAnOffer,https://igotanoffer.com/blogs/finance/investment-banking-interview-technical-questions,Case interview and finance interview prep; strong tech and consulting coverage,Growing finance content; clean design; step-by-step format,1:1 coaching; group coaching; mock interviews,Deeper IB-specific content; integrate AI drilling vs. human coach dependency; broader GEO content
